<?xml version="1.0" encoding="UTF-8" standalone="yes"?>
<addon id="repository.2kdevs" name="2kdevs Repository" version="1.0.0" provider-name="2kdevs">
    <extension point="xbmc.addon.repository" name="2kdevs Repository Repository">
        <dir>
            <info compressed="false">https://raw.githubusercontent.com/2kdevs/2kdevsrepo/master/repo/zips/addons.xml</info>
            <checksum>https://raw.githubusercontent.com/2kdevs/2kdevsrepo/master/repo/zips/addons.xml.md5</checksum>
            <datadir zip="true">https://raw.githubusercontent.com/2kdevs/2kdevsrepo/master/repo/zips/</datadir>
        </dir>
    </extension>
    <extension point="xbmc.addon.metadata">
        <platform>all</platform>
        <summary>2kdevs Repository</summary>
        <description>Unofficial add-ons repository</description>
        <assets>
            <icon>icon.png</icon>
            <fanart>fanart.png</fanart>
        </assets>
    </extension>
</addon>
